<?xml version="1.0" encoding="UTF-8"?>
<GenRun Id="impl_1" LaunchPart="xc7a100tcsg324-1" LaunchTime="1702376818">
  <File Type="RUN-CONSTRS" Name="$PDATADIR/runs/impl_1/constrs_in.xml"/>
  <File Type="OPT-DCP" Name="microProcessorWrapper_opt.dcp"/>
  <File Type="RUN-SRCS" Name="$PDATADIR/runs/impl_1/sources.xml"/>
  <File Type="RUN-STRAT" Name="$PDATADIR/runs/impl_1/impl_1.psg"/>
  <File Type="ROUTE-DCP" Name="microProcessorWrapper_routed.dcp"/>
  <File Type="PA-TCL" Name="microProcessorWrapper.tcl"/>
  <File Type="PWROPT-DCP" Name="microProcessorWrapper_pwropt.dcp"/>
  <File Type="OPT-DRC" Name="microProcessorWrapper_drc_opted.rpt"/>
  <File Type="PWROPT-DRC" Name="microProcessorWrapper_drc_pwropted.rpt"/>
  <File Type="OPT-HWDEF" Name="microProcessorWrapper.hwdef"/>
  <File Type="PLACE-DCP" Name="microProcessorWrapper_placed.dcp"/>
  <File Type="PLACE-IO" Name="microProcessorWrapper_io_placed.rpt"/>
  <File Type="PLACE-CLK" Name="microProcessorWrapper_clock_utilization_placed.rpt"/>
  <File Type="PLACE-UTIL" Name="microProcessorWrapper_utilization_placed.rpt"/>
  <File Type="PLACE-UTIL-PB" Name="microProcessorWrapper_utilization_placed.pb"/>
  <File Type="PLACE-CTRL" Name="microProcessorWrapper_control_sets_placed.rpt"/>
  <File Type="PLACE-SIMILARITY" Name="microProcessorWrapper_incremental_reuse_placed.rpt"/>
  <File Type="PLACE-PRE-SIMILARITY" Name="microProcessorWrapper_incremental_reuse_pre_placed.rpt"/>
  <File Type="POSTPLACE-PWROPT-DCP" Name="microProcessorWrapper_postplace_pwropt.dcp"/>
  <File Type="PHYSOPT-DCP" Name="microProcessorWrapper_physopt.dcp"/>
  <File Type="PHYSOPT-DRC" Name="microProcessorWrapper_drc_physopted.rpt"/>
  <File Type="RDI-RDI" Name="microProcessorWrapper.vdi"/>
  <File Type="ROUTE-DRC" Name="microProcessorWrapper_drc_routed.rpt"/>
  <File Type="ROUTE-DRC-PB" Name="microProcessorWrapper_drc_routed.pb"/>
  <File Type="ROUTE-PWR" Name="microProcessorWrapper_power_routed.rpt"/>
  <File Type="ROUTE-PWR-SUM" Name="microProcessorWrapper_power_summary_routed.pb"/>
  <File Type="ROUTE-STATUS" Name="microProcessorWrapper_route_status.rpt"/>
  <File Type="ROUTE-STATUS-PB" Name="microProcessorWrapper_route_status.pb"/>
  <File Type="ROUTE-TIMINGSUMMARY" Name="microProcessorWrapper_timing_summary_routed.rpt"/>
  <File Type="ROUTE-TIMING-PB" Name="microProcessorWrapper_timing_summary_routed.pb"/>
  <File Type="ROUTE-TIMING-RPX" Name="microProcessorWrapper_timing_summary_routed.rpx"/>
  <File Type="ROUTE-SIMILARITY" Name="microProcessorWrapper_incremental_reuse_routed.rpt"/>
  <File Type="ROUTE-CLK" Name="microProcessorWrapper_clock_utilization_routed.rpt"/>
  <File Type="POSTROUTE-PHYSOPT-DCP" Name="microProcessorWrapper_postroute_physopt.dcp"/>
  <File Type="POSTROUTE-PHYSOPT-TIMING" Name="microProcessorWrapper_timing_summary_postroute_physopted.rpt"/>
  <File Type="POSTROUTE-PHYSOPT-TIMING-PB" Name="microProcessorWrapper_timing_summary_postroute_physopted.pb"/>
  <File Type="POSTROUTE-PHYSOPT-TIMING-RPX" Name="microProcessorWrapper_timing_summary_postroute_physopted.rpx"/>
  <File Type="BG-BIT" Name="microProcessorWrapper.bit"/>
  <File Type="BG-BIN" Name="microProcessorWrapper.bin"/>
  <File Type="BITSTR-MSK" Name="microProcessorWrapper.msk"/>
  <File Type="BITSTR-RBT" Name="microProcessorWrapper.rbt"/>
  <File Type="BITSTR-NKY" Name="microProcessorWrapper.nky"/>
  <File Type="BITSTR-BMM" Name="microProcessorWrapper_bd.bmm"/>
  <File Type="BITSTR-MMI" Name="microProcessorWrapper.mmi"/>
  <File Type="BITSTR-SYSDEF" Name="microProcessorWrapper.sysdef"/>
  <File Type="BG-BGN" Name="microProcessorWrapper.bgn"/>
  <File Type="BG-DRC" Name="microProcessorWrapper.drc"/>
  <File Type="WBT-USG" Name="usage_statistics_webtalk.html"/>
  <FileSet Name="sources" Type="DesignSrcs" RelSrcDir="$PSRCDIR/sources_1">
    <Filter Type="Srcs"/>
    <File Path="$PSRCDIR/sources_1/imports/new/Multiplexer_4way.v">
      <FileInfo>
        <Attr Name="ImportPath" Val="$PPRDIR/../Digital_watch_coursework/Digital_watch_coursework/Digital_watch_coursework/Decimal_Counter/Decimal_Counter.srcs/sources_1/new/Multiplexer_4way.v"/>
        <Attr Name="ImportTime" Val="1701172357"/>
        <Attr Name="UsedIn" Val="synthesis"/>
        <Attr Name="UsedIn" Val="implementation"/>
        <Attr Name="UsedIn" Val="simulation"/>
      </FileInfo>
    </File>
    <File Path="$PSRCDIR/sources_1/imports/new/Generic_Counter.v">
      <FileInfo>
        <Attr Name="ImportPath" Val="$PPRDIR/../Digital_watch_coursework/Digital_watch_coursework/Digital_watch_coursework/Decimal_Counter/Decimal_Counter.srcs/sources_1/new/Generic_Counter.v"/>
        <Attr Name="ImportTime" Val="1701172357"/>
        <Attr Name="UsedIn" Val="synthesis"/>
        <Attr Name="UsedIn" Val="implementation"/>
        <Attr Name="UsedIn" Val="simulation"/>
      </FileInfo>
    </File>
    <File Path="$PSRCDIR/sources_1/imports/Desktop/ALU.v">
      <FileInfo>
        <Attr Name="ImportPath" Val="$PPRDIR/../ALU.v"/>
        <Attr Name="ImportTime" Val="1699956428"/>
        <Attr Name="UsedIn" Val="synthesis"/>
        <Attr Name="UsedIn" Val="implementation"/>
        <Attr Name="UsedIn" Val="simulation"/>
      </FileInfo>
    </File>
    <File Path="$PSRCDIR/sources_1/imports/Downloads/seven_seg.v">
      <FileInfo>
        <Attr Name="ImportPath" Val="$PPRDIR/../LLab8/Lab8/Lab8.srcs/sources_1/imports/Downloads/seven_seg.v"/>
        <Attr Name="ImportTime" Val="1702369805"/>
        <Attr Name="UsedIn" Val="synthesis"/>
        <Attr Name="UsedIn" Val="implementation"/>
        <Attr Name="UsedIn" Val="simulation"/>
      </FileInfo>
    </File>
    <File Path="$PSRCDIR/sources_1/imports/new/Ultrasonic_wrapper.v">
      <FileInfo>
        <Attr Name="ImportPath" Val="$PPRDIR/../LLab8/Lab8/Lab8.srcs/sources_1/new/Ultrasonic_wrapper.v"/>
        <Attr Name="ImportTime" Val="1702369805"/>
        <Attr Name="UsedIn" Val="synthesis"/>
        <Attr Name="UsedIn" Val="implementation"/>
        <Attr Name="UsedIn" Val="simulation"/>
      </FileInfo>
    </File>
    <File Path="$PSRCDIR/sources_1/imports/Desktop/Timer.v">
      <FileInfo>
        <Attr Name="ImportPath" Val="$PPRDIR/../Timer.v"/>
        <Attr Name="ImportTime" Val="1699956431"/>
        <Attr Name="UsedIn" Val="synthesis"/>
        <Attr Name="UsedIn" Val="implementation"/>
        <Attr Name="UsedIn" Val="simulation"/>
      </FileInfo>
    </File>
    <File Path="$PSRCDIR/sources_1/imports/Desktop/SlideSwitches.v">
      <FileInfo>
        <Attr Name="ImportPath" Val="$PPRDIR/../SlideSwitches.v"/>
        <Attr Name="ImportTime" Val="1699956427"/>
        <Attr Name="UsedIn" Val="synthesis"/>
        <Attr Name="UsedIn" Val="implementation"/>
        <Attr Name="UsedIn" Val="simulation"/>
      </FileInfo>
    </File>
    <File Path="$PSRCDIR/sources_1/imports/new/seven_seg_wrapper.v">
      <FileInfo>
        <Attr Name="ImportPath" Val="$PPRDIR/../LLab8/Lab8/Lab8.srcs/sources_1/new/seven_seg_wrapper.v"/>
        <Attr Name="ImportTime" Val="1702369805"/>
        <Attr Name="UsedIn" Val="synthesis"/>
        <Attr Name="UsedIn" Val="implementation"/>
        <Attr Name="UsedIn" Val="simulation"/>
      </FileInfo>
    </File>
    <File Path="$PSRCDIR/sources_1/imports/Desktop/ROM.v">
      <FileInfo>
        <Attr Name="ImportPath" Val="$PPRDIR/../ROM.v"/>
        <Attr Name="ImportTime" Val="1699956432"/>
        <Attr Name="UsedIn" Val="synthesis"/>
        <Attr Name="UsedIn" Val="implementation"/>
        <Attr Name="UsedIn" Val="simulation"/>
      </FileInfo>
    </File>
    <File Path="$PSRCDIR/sources_1/new/RGB_LED.v">
      <FileInfo>
        <Attr Name="UsedIn" Val="synthesis"/>
        <Attr Name="UsedIn" Val="implementation"/>
        <Attr Name="UsedIn" Val="simulation"/>
      </FileInfo>
    </File>
    <File Path="$PSRCDIR/sources_1/imports/Desktop/RAM.v">
      <FileInfo>
        <Attr Name="ImportPath" Val="$PPRDIR/../RAM.v"/>
        <Attr Name="ImportTime" Val="1699956433"/>
        <Attr Name="UsedIn" Val="synthesis"/>
        <Attr Name="UsedIn" Val="implementation"/>
        <Attr Name="UsedIn" Val="simulation"/>
      </FileInfo>
    </File>
    <File Path="$PSRCDIR/sources_1/imports/Desktop/LEDs.v">
      <FileInfo>
        <Attr Name="ImportPath" Val="$PPRDIR/../LEDs.v"/>
        <Attr Name="ImportTime" Val="1699956425"/>
        <Attr Name="UsedIn" Val="synthesis"/>
        <Attr Name="UsedIn" Val="implementation"/>
        <Attr Name="UsedIn" Val="simulation"/>
      </FileInfo>
    </File>
    <File Path="$PSRCDIR/sources_1/imports/Desktop/Processor(1).v">
      <FileInfo>
        <Attr Name="ImportPath" Val="$PPRDIR/../Processor(1).v"/>
        <Attr Name="ImportTime" Val="1699956412"/>
        <Attr Name="UsedIn" Val="synthesis"/>
        <Attr Name="UsedIn" Val="implementation"/>
        <Attr Name="UsedIn" Val="simulation"/>
      </FileInfo>
    </File>
    <File Path="$PSRCDIR/sources_1/imports/Desktop/microProcessorWrapper.v">
      <FileInfo>
        <Attr Name="ImportPath" Val="$PPRDIR/../LLab8/Lab8/Lab8.srcs/sources_1/imports/Desktop/microProcessorWrapper.v"/>
        <Attr Name="ImportTime" Val="1702369805"/>
        <Attr Name="UsedIn" Val="synthesis"/>
        <Attr Name="UsedIn" Val="implementation"/>
        <Attr Name="UsedIn" Val="simulation"/>
      </FileInfo>
    </File>
    <File Path="$PSRCDIR/sources_1/imports/Desktop/microProcessorTB.v">
      <FileInfo>
        <Attr Name="AutoDisabled" Val="1"/>
        <Attr Name="ImportPath" Val="$PPRDIR/../../microProcessorTB.v"/>
        <Attr Name="ImportTime" Val="1700561360"/>
        <Attr Name="UsedIn" Val="synthesis"/>
        <Attr Name="UsedIn" Val="implementation"/>
        <Attr Name="UsedIn" Val="simulation"/>
      </FileInfo>
    </File>
    <File Path="$PSRCDIR/sources_1/imports/new/ROM1.txt">
      <FileInfo>
        <Attr Name="ImportPath" Val="$PSRCDIR/sources_1/new/ROM1.txt"/>
        <Attr Name="ImportTime" Val="1702369805"/>
      </FileInfo>
    </File>
    <File Path="$PSRCDIR/sources_1/imports/new/RAM.txt">
      <FileInfo>
        <Attr Name="ImportPath" Val="$PSRCDIR/sources_1/new/RAM.txt"/>
        <Attr Name="ImportTime" Val="1702369805"/>
      </FileInfo>
    </File>
    <Config>
      <Option Name="DesignMode" Val="RTL"/>
      <Option Name="TopModule" Val="microProcessorWrapper"/>
    </Config>
  </FileSet>
  <FileSet Name="constrs_in" Type="Constrs" RelSrcDir="$PSRCDIR/constrs_1">
    <Filter Type="Constrs"/>
    <File Path="$PSRCDIR/constrs_1/imports/Desktop/MasterXDC_Nexys4.xdc">
      <FileInfo>
        <Attr Name="ImportPath" Val="$PPRDIR/../LLab8/Lab8/Lab8.srcs/constrs_1/imports/Desktop/MasterXDC_Nexys4.xdc"/>
        <Attr Name="ImportTime" Val="1702369805"/>
        <Attr Name="UsedIn" Val="synthesis"/>
        <Attr Name="UsedIn" Val="implementation"/>
      </FileInfo>
    </File>
    <Config>
      <Option Name="ConstrsType" Val="XDC"/>
    </Config>
  </FileSet>
  <Strategy Version="1" Minor="2">
    <StratHandle Name="Vivado Implementation Defaults" Flow="Vivado Implementation 2015"/>
    <Step Id="init_design"/>
    <Step Id="opt_design"/>
    <Step Id="power_opt_design"/>
    <Step Id="place_design"/>
    <Step Id="post_place_power_opt_design"/>
    <Step Id="phys_opt_design"/>
    <Step Id="route_design"/>
    <Step Id="post_route_phys_opt_design"/>
    <Step Id="write_bitstream"/>
  </Strategy>
  <BlockFileSet Type="BlockSrcs" Name="pmod_ultrasonic_range_finder_0"/>
</GenRun>
