<?xml version="1.0" encoding="UTF-8"?>
<GenRun Id="pmod_ultrasonic_range_finder_0_synth_1" LaunchPart="xc7a100tcsg324-1" LaunchTime="1702375184">
  <File Type="RUN-CONSTRS" Name="$PDATADIR/runs/pmod_ultrasonic_range_finder_0_synth_1/constrs_in.xml"/>
  <File Type="RDS-DCP" Name="pmod_ultrasonic_range_finder_0.dcp"/>
  <File Type="RUN-SRCS" Name="$PDATADIR/runs/pmod_ultrasonic_range_finder_0_synth_1/sources.xml"/>
  <File Type="RDS-UTIL-PB" Name="pmod_ultrasonic_range_finder_0_utilization_synth.pb"/>
  <File Type="RUN-STRAT" Name="$PDATADIR/runs/pmod_ultrasonic_range_finder_0_synth_1/pmod_ultrasonic_range_finder_0_synth_1.psg"/>
  <File Type="PA-TCL" Name="pmod_ultrasonic_range_finder_0.tcl"/>
  <File Type="RDS-PROPCONSTRS" Name="pmod_ultrasonic_range_finder_0_drc_synth.rpt"/>
  <File Type="RDS-RDS" Name="pmod_ultrasonic_range_finder_0.vds"/>
  <File Type="RDS-UTIL" Name="pmod_ultrasonic_range_finder_0_utilization_synth.rpt"/>
  <File Type="VDS-TIMINGSUMMARY" Name="pmod_ultrasonic_range_finder_0_timing_summary_synth.rpt"/>
  <File Type="VDS-TIMING-PB" Name="pmod_ultrasonic_range_finder_0_timing_summary_synth.pb"/>
  <FileSet Name="sources" Type="BlockSrcs" RelSrcDir="$PSRCDIR/pmod_ultrasonic_range_finder_0">
    <File Path="$PSRCDIR/sources_1/ip/pmod_ultrasonic_range_finder_0/pmod_ultrasonic_range_finder_0.xci">
      <FileInfo>
        <Attr Name="UsedIn" Val="synthesis"/>
        <Attr Name="UsedIn" Val="implementation"/>
        <Attr Name="UsedIn" Val="simulation"/>
      </FileInfo>
    </File>
    <Config>
      <Option Name="TopModule" Val="pmod_ultrasonic_range_finder_0"/>
      <Option Name="UseBlackboxStub" Val="1"/>
    </Config>
  </FileSet>
  <FileSet Name="constrs_in" Type="BlockSrcs" RelSrcDir="$PSRCDIR/pmod_ultrasonic_range_finder_0">
    <File Path="$PSRCDIR/sources_1/ip/pmod_ultrasonic_range_finder_0/pmod_ultrasonic_range_finder_0.xci">
      <FileInfo>
        <Attr Name="UsedIn" Val="synthesis"/>
        <Attr Name="UsedIn" Val="implementation"/>
        <Attr Name="UsedIn" Val="simulation"/>
      </FileInfo>
    </File>
    <Config>
      <Option Name="TopModule" Val="pmod_ultrasonic_range_finder_0"/>
      <Option Name="UseBlackboxStub" Val="1"/>
    </Config>
  </FileSet>
  <Strategy Version="1" Minor="2">
    <StratHandle Name="Vivado Synthesis Defaults" Flow="Vivado Synthesis 2015"/>
    <Step Id="synth_design"/>
  </Strategy>
</GenRun>
