<?xml version="1.0" encoding="UTF-8"?>
<GenRun Id="synth_1" LaunchPart="xc7a100tcsg324-1" LaunchTime="1702376796">
  <File Type="RUN-CONSTRS" Name="$PDATADIR/runs/synth_1/constrs_in.xml"/>
  <File Type="RDS-DCP" Name="microProcessorWrapper.dcp"/>
  <File Type="RUN-SRCS" Name="$PDATADIR/runs/synth_1/sources.xml"/>
  <File Type="RDS-UTIL-PB" Name="microProcessorWrapper_utilization_synth.pb"/>
  <File Type="RUN-STRAT" Name="$PDATADIR/runs/synth_1/synth_1.psg"/>
  <File Type="PA-TCL" Name="microProcessorWrapper.tcl"/>
  <File Type="RDS-PROPCONSTRS" Name="microProcessorWrapper_drc_synth.rpt"/>
  <File Type="RDS-RDS" Name="microProcessorWrapper.vds"/>
  <File Type="RDS-UTIL" Name="microProcessorWrapper_utilization_synth.rpt"/>
  <File Type="VDS-TIMINGSUMMARY" Name="microProcessorWrapper_timing_summary_synth.rpt"/>
  <File Type="VDS-TIMING-PB" Name="microProcessorWrapper_timing_summary_synth.pb"/>
  <FileSet Name="sources" Type="DesignSrcs" RelSrcDir="$PSRCDIR/sources_1">
    <Filter Type="Srcs"/>
    <File Path="$PSRCDIR/sources_1/imports/new/Multiplexer_4way.v">
      <FileInfo>
        <Attr Name="ImportPath" Val="$PPRDIR/../Digital_watch_coursework/Digital_watch_coursework/Digital_watch_coursework/Decimal_Counter/Decimal_Counter.srcs/sources_1/new/Multiplexer_4way.v"/>
        <Attr Name="ImportTime" Val="1701172357"/>
        <Attr Name="UsedIn" Val="synthesis"/>
        <Attr Name="UsedIn" Val="implementation"/>
        <Attr Name="UsedIn" Val="simulation"/>
      </FileInfo>
    </File>
    <File Path="$PSRCDIR/sources_1/imports/new/Generic_Counter.v">
      <FileInfo>
        <Attr Name="ImportPath" Val="$PPRDIR/../Digital_watch_coursework/Digital_watch_coursework/Digital_watch_coursework/Decimal_Counter/Decimal_Counter.srcs/sources_1/new/Generic_Counter.v"/>
        <Attr Name="ImportTime" Val="1701172357"/>
        <Attr Name="UsedIn" Val="synthesis"/>
        <Attr Name="UsedIn" Val="implementation"/>
        <Attr Name="UsedIn" Val="simulation"/>
      </FileInfo>
    </File>
    <File Path="$PSRCDIR/sources_1/imports/Desktop/ALU.v">
      <FileInfo>
        <Attr Name="ImportPath" Val="$PPRDIR/../ALU.v"/>
        <Attr Name="ImportTime" Val="1699956428"/>
        <Attr Name="UsedIn" Val="synthesis"/>
        <Attr Name="UsedIn" Val="implementation"/>
        <Attr Name="UsedIn" Val="simulation"/>
      </FileInfo>
    </File>
    <File Path="$PSRCDIR/sources_1/imports/Downloads/seven_seg.v">
      <FileInfo>
        <Attr Name="ImportPath" Val="$PPRDIR/../LLab8/Lab8/Lab8.srcs/sources_1/imports/Downloads/seven_seg.v"/>
        <Attr Name="ImportTime" Val="1702369805"/>
        <Attr Name="UsedIn" Val="synthesis"/>
        <Attr Name="UsedIn" Val="implementation"/>
        <Attr Name="UsedIn" Val="simulation"/>
      </FileInfo>
    </File>
    <File Path="$PSRCDIR/sources_1/imports/new/Ultrasonic_wrapper.v">
      <FileInfo>
        <Attr Name="ImportPath" Val="$PPRDIR/../LLab8/Lab8/Lab8.srcs/sources_1/new/Ultrasonic_wrapper.v"/>
        <Attr Name="ImportTime" Val="1702369805"/>
        <Attr Name="UsedIn" Val="synthesis"/>
        <Attr Name="UsedIn" Val="implementation"/>
        <Attr Name="UsedIn" Val="simulation"/>
      </FileInfo>
    </File>
    <File Path="$PSRCDIR/sources_1/imports/Desktop/Timer.v">
      <FileInfo>
        <Attr Name="ImportPath" Val="$PPRDIR/../Timer.v"/>
        <Attr Name="ImportTime" Val="1699956431"/>
        <Attr Name="UsedIn" Val="synthesis"/>
        <Attr Name="UsedIn" Val="implementation"/>
        <Attr Name="UsedIn" Val="simulation"/>
      </FileInfo>
    </File>
    <File Path="$PSRCDIR/sources_1/imports/Desktop/SlideSwitches.v">
      <FileInfo>
        <Attr Name="ImportPath" Val="$PPRDIR/../SlideSwitches.v"/>
        <Attr Name="ImportTime" Val="1699956427"/>
        <Attr Name="UsedIn" Val="synthesis"/>
        <Attr Name="UsedIn" Val="implementation"/>
        <Attr Name="UsedIn" Val="simulation"/>
      </FileInfo>
    </File>
    <File Path="$PSRCDIR/sources_1/imports/new/seven_seg_wrapper.v">
      <FileInfo>
        <Attr Name="ImportPath" Val="$PPRDIR/../LLab8/Lab8/Lab8.srcs/sources_1/new/seven_seg_wrapper.v"/>
        <Attr Name="ImportTime" Val="1702369805"/>
        <Attr Name="UsedIn" Val="synthesis"/>
        <Attr Name="UsedIn" Val="implementation"/>
        <Attr Name="UsedIn" Val="simulation"/>
      </FileInfo>
    </File>
    <File Path="$PSRCDIR/sources_1/imports/Desktop/ROM.v">
      <FileInfo>
        <Attr Name="ImportPath" Val="$PPRDIR/../ROM.v"/>
        <Attr Name="ImportTime" Val="1699956432"/>
        <Attr Name="UsedIn" Val="synthesis"/>
        <Attr Name="UsedIn" Val="implementation"/>
        <Attr Name="UsedIn" Val="simulation"/>
      </FileInfo>
    </File>
    <File Path="$PSRCDIR/sources_1/new/RGB_LED.v">
      <FileInfo>
        <Attr Name="UsedIn" Val="synthesis"/>
        <Attr Name="UsedIn" Val="implementation"/>
        <Attr Name="UsedIn" Val="simulation"/>
      </FileInfo>
    </File>
    <File Path="$PSRCDIR/sources_1/imports/Desktop/RAM.v">
      <FileInfo>
        <Attr Name="ImportPath" Val="$PPRDIR/../RAM.v"/>
        <Attr Name="ImportTime" Val="1699956433"/>
        <Attr Name="UsedIn" Val="synthesis"/>
        <Attr Name="UsedIn" Val="implementation"/>
        <Attr Name="UsedIn" Val="simulation"/>
      </FileInfo>
    </File>
    <File Path="$PSRCDIR/sources_1/imports/Desktop/LEDs.v">
      <FileInfo>
        <Attr Name="ImportPath" Val="$PPRDIR/../LEDs.v"/>
        <Attr Name="ImportTime" Val="1699956425"/>
        <Attr Name="UsedIn" Val="synthesis"/>
        <Attr Name="UsedIn" Val="implementation"/>
        <Attr Name="UsedIn" Val="simulation"/>
      </FileInfo>
    </File>
    <File Path="$PSRCDIR/sources_1/imports/Desktop/Processor(1).v">
      <FileInfo>
        <Attr Name="ImportPath" Val="$PPRDIR/../Processor(1).v"/>
        <Attr Name="ImportTime" Val="1699956412"/>
        <Attr Name="UsedIn" Val="synthesis"/>
        <Attr Name="UsedIn" Val="implementation"/>
        <Attr Name="UsedIn" Val="simulation"/>
      </FileInfo>
    </File>
    <File Path="$PSRCDIR/sources_1/imports/Desktop/microProcessorWrapper.v">
      <FileInfo>
        <Attr Name="ImportPath" Val="$PPRDIR/../LLab8/Lab8/Lab8.srcs/sources_1/imports/Desktop/microProcessorWrapper.v"/>
        <Attr Name="ImportTime" Val="1702369805"/>
        <Attr Name="UsedIn" Val="synthesis"/>
        <Attr Name="UsedIn" Val="implementation"/>
        <Attr Name="UsedIn" Val="simulation"/>
      </FileInfo>
    </File>
    <File Path="$PSRCDIR/sources_1/imports/Desktop/microProcessorTB.v">
      <FileInfo>
        <Attr Name="AutoDisabled" Val="1"/>
        <Attr Name="ImportPath" Val="$PPRDIR/../../microProcessorTB.v"/>
        <Attr Name="ImportTime" Val="1700561360"/>
        <Attr Name="UsedIn" Val="synthesis"/>
        <Attr Name="UsedIn" Val="implementation"/>
        <Attr Name="UsedIn" Val="simulation"/>
      </FileInfo>
    </File>
    <File Path="$PSRCDIR/sources_1/imports/Desktop/RAM.txt">
      <FileInfo>
        <Attr Name="ImportPath" Val="$PPRDIR/../../RAM.txt"/>
        <Attr Name="ImportTime" Val="1700561389"/>
      </FileInfo>
    </File>
    <File Path="$PSRCDIR/sources_1/imports/Desktop/ROM.txt">
      <FileInfo>
        <Attr Name="ImportPath" Val="$PPRDIR/../../ROM.txt"/>
        <Attr Name="ImportTime" Val="1700561388"/>
      </FileInfo>
    </File>
    <File Path="$PSRCDIR/sources_1/imports/new/ROM1.txt">
      <FileInfo>
        <Attr Name="ImportPath" Val="$PSRCDIR/sources_1/new/ROM1.txt"/>
        <Attr Name="ImportTime" Val="1702369805"/>
      </FileInfo>
    </File>
    <File Path="$PSRCDIR/sources_1/imports/new/RAM.txt">
      <FileInfo>
        <Attr Name="ImportPath" Val="$PSRCDIR/sources_1/new/RAM.txt"/>
        <Attr Name="ImportTime" Val="1702369805"/>
      </FileInfo>
    </File>
    <Config>
      <Option Name="DesignMode" Val="RTL"/>
      <Option Name="TopModule" Val="microProcessorWrapper"/>
    </Config>
  </FileSet>
  <FileSet Name="constrs_in" Type="Constrs" RelSrcDir="$PSRCDIR/constrs_1">
    <Filter Type="Constrs"/>
    <File Path="$PSRCDIR/constrs_1/imports/Desktop/MasterXDC_Nexys4.xdc">
      <FileInfo>
        <Attr Name="ImportPath" Val="$PPRDIR/../LLab8/Lab8/Lab8.srcs/constrs_1/imports/Desktop/MasterXDC_Nexys4.xdc"/>
        <Attr Name="ImportTime" Val="1702369805"/>
        <Attr Name="UsedIn" Val="synthesis"/>
        <Attr Name="UsedIn" Val="implementation"/>
      </FileInfo>
    </File>
    <Config>
      <Option Name="ConstrsType" Val="XDC"/>
    </Config>
  </FileSet>
  <Strategy Version="1" Minor="2">
    <StratHandle Name="Vivado Synthesis Defaults" Flow="Vivado Synthesis 2015"/>
    <Step Id="synth_design"/>
  </Strategy>
  <BlockFileSet Type="BlockSrcs" Name="pmod_ultrasonic_range_finder_0"/>
</GenRun>
